{"Version":1,"ManifestType":"Publish","Endpoints":[{"Route":"159.75e8d599ef922a96.js","AssetFile":"159.75e8d599ef922a96.js","Selectors":[],"ResponseHeaders":[{"Name":"Accept-Ranges","Value":"bytes"},{"Name":"Cache-Control","Value":"no-cache"},{"Name":"Content-Length","Value":"200150"},{"Name":"Content-Type","Value":"text/javascript"},{"Name":"ETag","Value":"\"ykMlOWDjhuegfj9wDxUqjJl6gCb2UOMQ9zO6t54gWMM=\""},{"Name":"Last-Modified","Value":"Sat, 06 Sep 2025 02:46:17 GMT"}],"EndpointProperties":[{"Name":"integrity","Value":"sha256-ykMlOWDjhuegfj9wDxUqjJl6gCb2UOMQ9zO6t54gWMM="}]},{"Route":"399.2d276620d9644728.js","AssetFile":"399.2d276620d9644728.js","Selectors":[],"ResponseHeaders":[{"Name":"Accept-Ranges","Value":"bytes"},{"Name":"Cache-Control","Value":"no-cache"},{"Name":"Content-Length","Value":"156586"},{"Name":"Content-Type","Value":"text/javascript"},{"Name":"ETag","Value":"\"ESXYiQGs3beLcKtJ2fqsSPoyF7HFM2G2/wraAKzX7ZI=\""},{"Name":"Last-Modified","Value":"Sat, 06 Sep 2025 02:46:17 GMT"}],"EndpointProperties":[{"Name":"integrity","Value":"sha256-ESXYiQGs3beLcKtJ2fqsSPoyF7HFM2G2/wraAKzX7ZI="}]},{"Route":"3rdpartylicenses.txt","AssetFile":"3rdpartylicenses.txt","Selectors":[],"ResponseHeaders":[{"Name":"Accept-Ranges","Value":"bytes"},{"Name":"Cache-Control","Value":"no-cache"},{"Name":"Content-Length","Value":"54548"},{"Name":"Content-Type","Value":"text/plain"},{"Name":"ETag","Value":"\"rDuGk4Et2fUFiSVtYFVCR7Ene/wSTKbkCLwtZ4BYAX8=\""},{"Name":"Last-Modified","Value":"Sat, 06 Sep 2025 02:46:17 GMT"}],"EndpointProperties":[{"Name":"integrity","Value":"sha256-rDuGk4Et2fUFiSVtYFVCR7Ene/wSTKbkCLwtZ4BYAX8="}]},{"Route":"678.614e2a2ec73b2e2e.js","AssetFile":"678.614e2a2ec73b2e2e.js","Selectors":[],"ResponseHeaders":[{"Name":"Accept-Ranges","Value":"bytes"},{"Name":"Cache-Control","Value":"no-cache"},{"Name":"Content-Length","Value":"21812"},{"Name":"Content-Type","Value":"text/javascript"},{"Name":"ETag","Value":"\"25JvvUl5pSelPkg/n0ARTF0DugGmwvc+rPDzWZZy5Po=\""},{"Name":"Last-Modified","Value":"Sat, 06 Sep 2025 02:46:17 GMT"}],"EndpointProperties":[{"Name":"integrity","Value":"sha256-25JvvUl5pSelPkg/n0ARTF0DugGmwvc+rPDzWZZy5Po="}]},{"Route":"favicon.ico","AssetFile":"favicon.ico","Selectors":[],"ResponseHeaders":[{"Name":"Accept-Ranges","Value":"bytes"},{"Name":"Cache-Control","Value":"no-cache"},{"Name":"Content-Length","Value":"948"},{"Name":"Content-Type","Value":"image/x-icon"},{"Name":"ETag","Value":"\"LQpPWnfHiLCEkZsbjK1XE9nfwziO8plpxMtmwoCS5oM=\""},{"Name":"Last-Modified","Value":"Wed, 30 Jul 2025 12:51:01 GMT"}],"EndpointProperties":[{"Name":"integrity","Value":"sha256-LQpPWnfHiLCEkZsbjK1XE9nfwziO8plpxMtmwoCS5oM="}]},{"Route":"index.html","AssetFile":"index.html","Selectors":[],"ResponseHeaders":[{"Name":"Accept-Ranges","Value":"bytes"},{"Name":"Cache-Control","Value":"no-cache"},{"Name":"Content-Length","Value":"12722"},{"Name":"Content-Type","Value":"text/html"},{"Name":"ETag","Value":"\"UIKLAZ2WRDeIB29T3UmNpJS8PK/hs+GQS921Wo5ugqc=\""},{"Name":"Last-Modified","Value":"Sat, 06 Sep 2025 02:46:18 GMT"}],"EndpointProperties":[{"Name":"integrity","Value":"sha256-UIKLAZ2WRDeIB29T3UmNpJS8PK/hs+GQS921Wo5ugqc="}]},{"Route":"main.2bbce364e1dcf059.js","AssetFile":"main.2bbce364e1dcf059.js","Selectors":[],"ResponseHeaders":[{"Name":"Accept-Ranges","Value":"bytes"},{"Name":"Cache-Control","Value":"no-cache"},{"Name":"Content-Length","Value":"1194307"},{"Name":"Content-Type","Value":"text/javascript"},{"Name":"ETag","Value":"\"u7jfabiyVglOS1FbT0rro7DkNj+PUXaWAM/k68bBk/0=\""},{"Name":"Last-Modified","Value":"Sat, 06 Sep 2025 02:46:17 GMT"}],"EndpointProperties":[{"Name":"integrity","Value":"sha256-u7jfabiyVglOS1FbT0rro7DkNj+PUXaWAM/k68bBk/0="}]},{"Route":"polyfills.2131d4617228bd6a.js","AssetFile":"polyfills.2131d4617228bd6a.js","Selectors":[],"ResponseHeaders":[{"Name":"Accept-Ranges","Value":"bytes"},{"Name":"Cache-Control","Value":"no-cache"},{"Name":"Content-Length","Value":"33907"},{"Name":"Content-Type","Value":"text/javascript"},{"Name":"ETag","Value":"\"JVGWV8Hyl2QxInFCAbGNew2h4IImry46UhR4UhnbT7E=\""},{"Name":"Last-Modified","Value":"Sat, 06 Sep 2025 02:46:17 GMT"}],"EndpointProperties":[{"Name":"integrity","Value":"sha256-JVGWV8Hyl2QxInFCAbGNew2h4IImry46UhR4UhnbT7E="}]},{"Route":"runtime.4aab58835fb96bd8.js","AssetFile":"runtime.4aab58835fb96bd8.js","Selectors":[],"ResponseHeaders":[{"Name":"Accept-Ranges","Value":"bytes"},{"Name":"Cache-Control","Value":"no-cache"},{"Name":"Content-Length","Value":"3329"},{"Name":"Content-Type","Value":"text/javascript"},{"Name":"ETag","Value":"\"sE0Qkk8LdgpNJ6i7tFyEFga6NECjJnS6p46haqy2+Hk=\""},{"Name":"Last-Modified","Value":"Sat, 06 Sep 2025 02:46:17 GMT"}],"EndpointProperties":[{"Name":"integrity","Value":"sha256-sE0Qkk8LdgpNJ6i7tFyEFga6NECjJnS6p46haqy2+Hk="}]},{"Route":"styles.04e613c490a09d0b.css","AssetFile":"styles.04e613c490a09d0b.css","Selectors":[],"ResponseHeaders":[{"Name":"Accept-Ranges","Value":"bytes"},{"Name":"Cache-Control","Value":"no-cache"},{"Name":"Content-Length","Value":"77604"},{"Name":"Content-Type","Value":"text/css"},{"Name":"ETag","Value":"\"JI9X5J/VzU0vbwD/3OkuiXApsScBYax6KYhFi/s0yCg=\""},{"Name":"Last-Modified","Value":"Sat, 06 Sep 2025 02:46:17 GMT"}],"EndpointProperties":[{"Name":"integrity","Value":"sha256-JI9X5J/VzU0vbwD/3OkuiXApsScBYax6KYhFi/s0yCg="}]}]}