{"Version":1,"ManifestType":"Publish","Endpoints":[{"Route":"159.75e8d599ef922a96.js","AssetFile":"159.75e8d599ef922a96.js","Selectors":[],"ResponseHeaders":[{"Name":"Accept-Ranges","Value":"bytes"},{"Name":"Cache-Control","Value":"no-cache"},{"Name":"Content-Length","Value":"200150"},{"Name":"Content-Type","Value":"text/javascript"},{"Name":"ETag","Value":"\"ykMlOWDjhuegfj9wDxUqjJl6gCb2UOMQ9zO6t54gWMM=\""},{"Name":"Last-Modified","Value":"Sun, 28 Sep 2025 06:24:59 GMT"}],"EndpointProperties":[{"Name":"integrity","Value":"sha256-ykMlOWDjhuegfj9wDxUqjJl6gCb2UOMQ9zO6t54gWMM="}]},{"Route":"399.2d276620d9644728.js","AssetFile":"399.2d276620d9644728.js","Selectors":[],"ResponseHeaders":[{"Name":"Accept-Ranges","Value":"bytes"},{"Name":"Cache-Control","Value":"no-cache"},{"Name":"Content-Length","Value":"156586"},{"Name":"Content-Type","Value":"text/javascript"},{"Name":"ETag","Value":"\"ESXYiQGs3beLcKtJ2fqsSPoyF7HFM2G2/wraAKzX7ZI=\""},{"Name":"Last-Modified","Value":"Sun, 28 Sep 2025 06:24:59 GMT"}],"EndpointProperties":[{"Name":"integrity","Value":"sha256-ESXYiQGs3beLcKtJ2fqsSPoyF7HFM2G2/wraAKzX7ZI="}]},{"Route":"3rdpartylicenses.txt","AssetFile":"3rdpartylicenses.txt","Selectors":[],"ResponseHeaders":[{"Name":"Accept-Ranges","Value":"bytes"},{"Name":"Cache-Control","Value":"no-cache"},{"Name":"Content-Length","Value":"54548"},{"Name":"Content-Type","Value":"text/plain"},{"Name":"ETag","Value":"\"rDuGk4Et2fUFiSVtYFVCR7Ene/wSTKbkCLwtZ4BYAX8=\""},{"Name":"Last-Modified","Value":"Sun, 28 Sep 2025 06:24:59 GMT"}],"EndpointProperties":[{"Name":"integrity","Value":"sha256-rDuGk4Et2fUFiSVtYFVCR7Ene/wSTKbkCLwtZ4BYAX8="}]},{"Route":"678.614e2a2ec73b2e2e.js","AssetFile":"678.614e2a2ec73b2e2e.js","Selectors":[],"ResponseHeaders":[{"Name":"Accept-Ranges","Value":"bytes"},{"Name":"Cache-Control","Value":"no-cache"},{"Name":"Content-Length","Value":"21812"},{"Name":"Content-Type","Value":"text/javascript"},{"Name":"ETag","Value":"\"25JvvUl5pSelPkg/n0ARTF0DugGmwvc+rPDzWZZy5Po=\""},{"Name":"Last-Modified","Value":"Sun, 28 Sep 2025 06:24:59 GMT"}],"EndpointProperties":[{"Name":"integrity","Value":"sha256-25JvvUl5pSelPkg/n0ARTF0DugGmwvc+rPDzWZZy5Po="}]},{"Route":"favicon.ico","AssetFile":"favicon.ico","Selectors":[],"ResponseHeaders":[{"Name":"Accept-Ranges","Value":"bytes"},{"Name":"Cache-Control","Value":"no-cache"},{"Name":"Content-Length","Value":"948"},{"Name":"Content-Type","Value":"image/x-icon"},{"Name":"ETag","Value":"\"LQpPWnfHiLCEkZsbjK1XE9nfwziO8plpxMtmwoCS5oM=\""},{"Name":"Last-Modified","Value":"Wed, 30 Jul 2025 12:51:01 GMT"}],"EndpointProperties":[{"Name":"integrity","Value":"sha256-LQpPWnfHiLCEkZsbjK1XE9nfwziO8plpxMtmwoCS5oM="}]},{"Route":"index.html","AssetFile":"index.html","Selectors":[],"ResponseHeaders":[{"Name":"Accept-Ranges","Value":"bytes"},{"Name":"Cache-Control","Value":"no-cache"},{"Name":"Content-Length","Value":"12722"},{"Name":"Content-Type","Value":"text/html"},{"Name":"ETag","Value":"\"ZIpu83kz6v364A9JwZtKZentnDzp/N4zy39qkHfwAvE=\""},{"Name":"Last-Modified","Value":"Sun, 28 Sep 2025 06:25:00 GMT"}],"EndpointProperties":[{"Name":"integrity","Value":"sha256-ZIpu83kz6v364A9JwZtKZentnDzp/N4zy39qkHfwAvE="}]},{"Route":"main.99f103d821554074.js","AssetFile":"main.99f103d821554074.js","Selectors":[],"ResponseHeaders":[{"Name":"Accept-Ranges","Value":"bytes"},{"Name":"Cache-Control","Value":"no-cache"},{"Name":"Content-Length","Value":"1206805"},{"Name":"Content-Type","Value":"text/javascript"},{"Name":"ETag","Value":"\"JhPThs9Eia/4y/eStlrZP8HGKmDAiB5GdY/nyX395NY=\""},{"Name":"Last-Modified","Value":"Sun, 28 Sep 2025 06:24:59 GMT"}],"EndpointProperties":[{"Name":"integrity","Value":"sha256-JhPThs9Eia/4y/eStlrZP8HGKmDAiB5GdY/nyX395NY="}]},{"Route":"polyfills.2131d4617228bd6a.js","AssetFile":"polyfills.2131d4617228bd6a.js","Selectors":[],"ResponseHeaders":[{"Name":"Accept-Ranges","Value":"bytes"},{"Name":"Cache-Control","Value":"no-cache"},{"Name":"Content-Length","Value":"33907"},{"Name":"Content-Type","Value":"text/javascript"},{"Name":"ETag","Value":"\"JVGWV8Hyl2QxInFCAbGNew2h4IImry46UhR4UhnbT7E=\""},{"Name":"Last-Modified","Value":"Sun, 28 Sep 2025 06:24:59 GMT"}],"EndpointProperties":[{"Name":"integrity","Value":"sha256-JVGWV8Hyl2QxInFCAbGNew2h4IImry46UhR4UhnbT7E="}]},{"Route":"runtime.4aab58835fb96bd8.js","AssetFile":"runtime.4aab58835fb96bd8.js","Selectors":[],"ResponseHeaders":[{"Name":"Accept-Ranges","Value":"bytes"},{"Name":"Cache-Control","Value":"no-cache"},{"Name":"Content-Length","Value":"3329"},{"Name":"Content-Type","Value":"text/javascript"},{"Name":"ETag","Value":"\"sE0Qkk8LdgpNJ6i7tFyEFga6NECjJnS6p46haqy2+Hk=\""},{"Name":"Last-Modified","Value":"Sun, 28 Sep 2025 06:24:59 GMT"}],"EndpointProperties":[{"Name":"integrity","Value":"sha256-sE0Qkk8LdgpNJ6i7tFyEFga6NECjJnS6p46haqy2+Hk="}]},{"Route":"styles.6b0cbd8b7f9b6740.css","AssetFile":"styles.6b0cbd8b7f9b6740.css","Selectors":[],"ResponseHeaders":[{"Name":"Accept-Ranges","Value":"bytes"},{"Name":"Cache-Control","Value":"no-cache"},{"Name":"Content-Length","Value":"85475"},{"Name":"Content-Type","Value":"text/css"},{"Name":"ETag","Value":"\"cro3FEXgWG/VbQMAMur4K6XnSvvIRR/Wr2psLv6kcak=\""},{"Name":"Last-Modified","Value":"Sun, 28 Sep 2025 06:24:59 GMT"}],"EndpointProperties":[{"Name":"integrity","Value":"sha256-cro3FEXgWG/VbQMAMur4K6XnSvvIRR/Wr2psLv6kcak="}]}]}