{
  "swagger": "2.0",
  "info": {
    "title": "SneTransactionReports.Server, Version=1.0.0.0, Culture=neutral, PublicKeyToken=null",
    "version": "1.0"
  },
  "paths": {
    "/api/Designs": {
      "get": {
        "tags": [
          "Designs"
        ],
        "produces": [
          "text/plain",
          "application/json",
          "text/json"
        ],
        "responses": {
          "200": {
            "description": "OK",
            "schema": {
              "type": "array",
              "items": {
                "$ref": "#/definitions/Design"
              }
            }
          }
        }
      },
      "post": {
        "tags": [
          "Designs"
        ],
        "consumes": [
          "application/json",
          "text/json",
          "application/*+json"
        ],
        "produces": [
          "text/plain",
          "application/json",
          "text/json"
        ],
        "parameters": [
          {
            "in": "body",
            "name": "body",
            "schema": {
              "$ref": "#/definitions/DesignModel"
            }
          }
        ],
        "responses": {
          "200": {
            "description": "OK",
            "schema": {
              "$ref": "#/definitions/Design"
            }
          }
        }
      }
    },
    "/api/Designs/{id}": {
      "get": {
        "tags": [
          "Designs"
        ],
        "produces": [
          "text/plain",
          "application/json",
          "text/json"
        ],
        "parameters": [
          {
            "in": "path",
            "name": "id",
            "required": true,
            "type": "integer",
            "format": "int32"
          }
        ],
        "responses": {
          "200": {
            "description": "OK",
            "schema": {
              "$ref": "#/definitions/Design"
            }
          }
        }
      },
      "put": {
        "tags": [
          "Designs"
        ],
        "consumes": [
          "application/json",
          "text/json",
          "application/*+json"
        ],
        "parameters": [
          {
            "in": "path",
            "name": "id",
            "required": true,
            "type": "integer",
            "format": "int32"
          },
          {
            "in": "body",
            "name": "body",
            "schema": {
              "$ref": "#/definitions/DesignModel"
            }
          }
        ],
        "responses": {
          "200": {
            "description": "OK"
          }
        }
      },
      "delete": {
        "tags": [
          "Designs"
        ],
        "parameters": [
          {
            "in": "path",
            "name": "id",
            "required": true,
            "type": "integer",
            "format": "int32"
          }
        ],
        "responses": {
          "200": {
            "description": "OK"
          }
        }
      }
    },
    "/api/Employees": {
      "get": {
        "tags": [
          "Employees"
        ],
        "produces": [
          "text/plain",
          "application/json",
          "text/json"
        ],
        "responses": {
          "200": {
            "description": "OK",
            "schema": {
              "type": "array",
              "items": {
                "$ref": "#/definitions/Employee"
              }
            }
          }
        }
      },
      "post": {
        "tags": [
          "Employees"
        ],
        "consumes": [
          "application/json",
          "text/json",
          "application/*+json"
        ],
        "produces": [
          "text/plain",
          "application/json",
          "text/json"
        ],
        "parameters": [
          {
            "in": "body",
            "name": "body",
            "schema": {
              "$ref": "#/definitions/EmployeeModel"
            }
          }
        ],
        "responses": {
          "200": {
            "description": "OK",
            "schema": {
              "$ref": "#/definitions/Employee"
            }
          }
        }
      }
    },
    "/api/Employees/{id}": {
      "get": {
        "tags": [
          "Employees"
        ],
        "produces": [
          "text/plain",
          "application/json",
          "text/json"
        ],
        "parameters": [
          {
            "in": "path",
            "name": "id",
            "required": true,
            "type": "integer",
            "format": "int32"
          }
        ],
        "responses": {
          "200": {
            "description": "OK",
            "schema": {
              "$ref": "#/definitions/Employee"
            }
          }
        }
      },
      "put": {
        "tags": [
          "Employees"
        ],
        "consumes": [
          "application/json",
          "text/json",
          "application/*+json"
        ],
        "parameters": [
          {
            "in": "path",
            "name": "id",
            "required": true,
            "type": "integer",
            "format": "int32"
          },
          {
            "in": "body",
            "name": "body",
            "schema": {
              "$ref": "#/definitions/EmployeeModel"
            }
          }
        ],
        "responses": {
          "200": {
            "description": "OK"
          }
        }
      },
      "delete": {
        "tags": [
          "Employees"
        ],
        "parameters": [
          {
            "in": "path",
            "name": "id",
            "required": true,
            "type": "integer",
            "format": "int32"
          }
        ],
        "responses": {
          "200": {
            "description": "OK"
          }
        }
      }
    },
    "/api/Parties": {
      "get": {
        "tags": [
          "Parties"
        ],
        "produces": [
          "text/plain",
          "application/json",
          "text/json"
        ],
        "responses": {
          "200": {
            "description": "OK",
            "schema": {
              "type": "array",
              "items": {
                "$ref": "#/definitions/Party"
              }
            }
          }
        }
      },
      "post": {
        "tags": [
          "Parties"
        ],
        "consumes": [
          "application/json",
          "text/json",
          "application/*+json"
        ],
        "produces": [
          "text/plain",
          "application/json",
          "text/json"
        ],
        "parameters": [
          {
            "in": "body",
            "name": "body",
            "schema": {
              "$ref": "#/definitions/PartyModel"
            }
          }
        ],
        "responses": {
          "200": {
            "description": "OK",
            "schema": {
              "$ref": "#/definitions/Party"
            }
          }
        }
      }
    },
    "/api/Parties/{id}": {
      "get": {
        "tags": [
          "Parties"
        ],
        "produces": [
          "text/plain",
          "application/json",
          "text/json"
        ],
        "parameters": [
          {
            "in": "path",
            "name": "id",
            "required": true,
            "type": "integer",
            "format": "int32"
          }
        ],
        "responses": {
          "200": {
            "description": "OK",
            "schema": {
              "$ref": "#/definitions/Party"
            }
          }
        }
      },
      "put": {
        "tags": [
          "Parties"
        ],
        "consumes": [
          "application/json",
          "text/json",
          "application/*+json"
        ],
        "parameters": [
          {
            "in": "path",
            "name": "id",
            "required": true,
            "type": "integer",
            "format": "int32"
          },
          {
            "in": "body",
            "name": "body",
            "schema": {
              "$ref": "#/definitions/PartyModel"
            }
          }
        ],
        "responses": {
          "200": {
            "description": "OK"
          }
        }
      },
      "delete": {
        "tags": [
          "Parties"
        ],
        "parameters": [
          {
            "in": "path",
            "name": "id",
            "required": true,
            "type": "integer",
            "format": "int32"
          }
        ],
        "responses": {
          "200": {
            "description": "OK"
          }
        }
      }
    },
    "/api/Transactions": {
      "get": {
        "tags": [
          "Transactions"
        ],
        "produces": [
          "text/plain",
          "application/json",
          "text/json"
        ],
        "responses": {
          "200": {
            "description": "OK",
            "schema": {
              "type": "array",
              "items": {
                "$ref": "#/definitions/TransactionResponseModel"
              }
            }
          }
        }
      },
      "post": {
        "tags": [
          "Transactions"
        ],
        "consumes": [
          "application/json",
          "text/json",
          "application/*+json"
        ],
        "produces": [
          "text/plain",
          "application/json",
          "text/json"
        ],
        "parameters": [
          {
            "in": "body",
            "name": "body",
            "schema": {
              "$ref": "#/definitions/TransactionModel"
            }
          }
        ],
        "responses": {
          "200": {
            "description": "OK",
            "schema": {
              "$ref": "#/definitions/Transaction"
            }
          }
        }
      }
    },
    "/api/Transactions/{id}": {
      "get": {
        "tags": [
          "Transactions"
        ],
        "produces": [
          "text/plain",
          "application/json",
          "text/json"
        ],
        "parameters": [
          {
            "in": "path",
            "name": "id",
            "required": true,
            "type": "integer",
            "format": "int32"
          }
        ],
        "responses": {
          "200": {
            "description": "OK",
            "schema": {
              "$ref": "#/definitions/TransactionResponseModel"
            }
          }
        }
      },
      "put": {
        "tags": [
          "Transactions"
        ],
        "consumes": [
          "application/json",
          "text/json",
          "application/*+json"
        ],
        "parameters": [
          {
            "in": "path",
            "name": "id",
            "required": true,
            "type": "integer",
            "format": "int32"
          },
          {
            "in": "body",
            "name": "body",
            "schema": {
              "$ref": "#/definitions/TransactionModel"
            }
          }
        ],
        "responses": {
          "200": {
            "description": "OK"
          }
        }
      },
      "delete": {
        "tags": [
          "Transactions"
        ],
        "parameters": [
          {
            "in": "path",
            "name": "id",
            "required": true,
            "type": "integer",
            "format": "int32"
          }
        ],
        "responses": {
          "200": {
            "description": "OK"
          }
        }
      }
    },
    "/api/Transactions/search": {
      "get": {
        "tags": [
          "Transactions"
        ],
        "produces": [
          "text/plain",
          "application/json",
          "text/json"
        ],
        "parameters": [
          {
            "in": "query",
            "name": "empId",
            "type": "integer",
            "format": "int32"
          },
          {
            "in": "query",
            "name": "designId",
            "type": "integer",
            "format": "int32"
          },
          {
            "in": "query",
            "name": "partyId",
            "type": "integer",
            "format": "int32"
          },
          {
            "in": "query",
            "name": "transDateFrom",
            "type": "string",
            "format": "date"
          },
          {
            "in": "query",
            "name": "transDateTo",
            "type": "string",
            "format": "date"
          }
        ],
        "responses": {
          "200": {
            "description": "OK",
            "schema": {
              "type": "array",
              "items": {
                "$ref": "#/definitions/Transaction"
              }
            }
          }
        }
      }
    }
  },
  "definitions": {
    "Design": {
      "type": "object",
      "properties": {
        "id": {
          "format": "int32",
          "type": "integer"
        },
        "name": {
          "type": "string"
        },
        "transactions": {
          "type": "array",
          "items": {
            "$ref": "#/definitions/Transaction"
          }
        }
      },
      "additionalProperties": false
    },
    "DesignModel": {
      "type": "object",
      "properties": {
        "id": {
          "format": "int32",
          "type": "integer"
        },
        "name": {
          "type": "string"
        }
      },
      "additionalProperties": false
    },
    "Employee": {
      "type": "object",
      "properties": {
        "id": {
          "format": "int32",
          "type": "integer"
        },
        "name": {
          "type": "string"
        },
        "transactions": {
          "type": "array",
          "items": {
            "$ref": "#/definitions/Transaction"
          }
        }
      },
      "additionalProperties": false
    },
    "EmployeeModel": {
      "type": "object",
      "properties": {
        "id": {
          "format": "int32",
          "type": "integer"
        },
        "name": {
          "type": "string"
        }
      },
      "additionalProperties": false
    },
    "Party": {
      "type": "object",
      "properties": {
        "id": {
          "format": "int32",
          "type": "integer"
        },
        "name": {
          "type": "string"
        },
        "transactions": {
          "type": "array",
          "items": {
            "$ref": "#/definitions/Transaction"
          }
        }
      },
      "additionalProperties": false
    },
    "PartyModel": {
      "type": "object",
      "properties": {
        "id": {
          "format": "int32",
          "type": "integer"
        },
        "name": {
          "type": "string"
        }
      },
      "additionalProperties": false
    },
    "Transaction": {
      "type": "object",
      "properties": {
        "id": {
          "format": "int32",
          "type": "integer"
        },
        "empId": {
          "format": "int32",
          "type": "integer"
        },
        "partyId": {
          "format": "int32",
          "type": "integer"
        },
        "designId": {
          "format": "int32",
          "type": "integer"
        },
        "quantity": {
          "format": "double",
          "type": "number"
        },
        "rate": {
          "format": "double",
          "type": "number"
        },
        "amount": {
          "format": "double",
          "type": "number"
        },
        "transDate": {
          "format": "date",
          "type": "string"
        },
        "createdDate": {
          "format": "date",
          "type": "string"
        },
        "design": {
          "$ref": "#/definitions/Design"
        },
        "emp": {
          "$ref": "#/definitions/Employee"
        },
        "party": {
          "$ref": "#/definitions/Party"
        }
      },
      "additionalProperties": false
    },
    "TransactionModel": {
      "type": "object",
      "properties": {
        "id": {
          "format": "int32",
          "type": "integer"
        },
        "empId": {
          "format": "int32",
          "type": "integer"
        },
        "partyId": {
          "format": "int32",
          "type": "integer"
        },
        "designId": {
          "format": "int32",
          "type": "integer"
        },
        "quantity": {
          "format": "double",
          "type": "number"
        },
        "rate": {
          "format": "double",
          "type": "number"
        },
        "amount": {
          "format": "double",
          "type": "number"
        },
        "transDate": {
          "format": "date",
          "type": "string"
        },
        "createdDate": {
          "format": "date",
          "type": "string"
        }
      },
      "additionalProperties": false
    },
    "TransactionResponseModel": {
      "type": "object",
      "properties": {
        "id": {
          "format": "int32",
          "type": "integer"
        },
        "empName": {
          "type": "string"
        },
        "partyName": {
          "type": "string"
        },
        "designName": {
          "type": "string"
        },
        "quantity": {
          "format": "double",
          "type": "number"
        },
        "rate": {
          "format": "double",
          "type": "number"
        },
        "amount": {
          "format": "double",
          "type": "number"
        },
        "transDate": {
          "format": "date",
          "type": "string"
        },
        "createdDate": {
          "format": "date",
          "type": "string"
        }
      },
      "additionalProperties": false
    }
  }
}